time_remaining,structured_event,natural_description
Q1 - 12:00,Diakite Violation:Jump Ball,Diakite commits a violation on the jump ball.
Q3 - 8:03,Knox II Free Throw Technical (15 PTS),Knox II makes the technical free throw.
Q1 - 8:44,Jump Ball Miller vs. da Silva: Tip to Harris,"There's a jump ball between Miller and da Silva, and it's tipped to Harris!"
Q1 - 1:06,MISS Samuels Jr. 1' Driving Floating Bank Jump Shot,Samuels misses the short-range floater!
Q3 - 8:57,MISS Dowtin Jr. 24' 3PT Jump Shot,Dowtin Jr. misses a three-pointer.
Q3 - 7:05,Carter Jr. 1' Driving Dunk (10 PTS) (Suggs 4 AST),Carter Jr. drives to the rim and throws it down! Suggs assists.
Q1 - 3:15,Washington Jr. 1' Reverse Layup (2 PTS) (Timme 1 AST),Washington Jr. finishes with a reverse layup. Timme gets the assist.
Q3 - 3:17,SUB: O'Neale FOR Booker,O'Neale checks in for Booker.
Q1 - 5:27,"Murray, Jr. REBOUND (Off:0 Def:2)",Murray Jr. gets the rebound.
Q2 - 4:35,Sengun Traveling Turnover (P3.T10),Sengun is called for traveling and turns the ball over.
Q3 - 6:31,MISS Trent Jr. 24' 3PT Jump Shot,Trent Jr. misses a three-point shot.
Q3 - 1:36,Coulibaly Violation:Defensive Goaltending (S.Wall),Coulibaly gets called for defensive goaltending!
Q3 - 10:36,Holmes Violation:Kicked Ball (T.Brothers),Holmes is called for a kicked ball violation!
Q1 - 11:17,Saric Traveling Turnover (P1.T1),Saric gets called for traveling.
Q1 - 1:36,Nance Jr. 5' Pullup Jump Shot (5 PTS) (Williamson 1 AST),Nance Jr. drains a short-range jumper with an assist from Williamson.
Q1 - 6:01,Joviƒá sinks a 1-foot Cutting. Finger Roll Layup Shot (9 PTS) (Herro 1 AST),Jovic cuts to the rim and lays it in! Herro with the assist.
Q1 - 12:00,Adebayo Violation:Jump Ball (M.Dagher),Adebayo is called for a jump ball violation.
Q4 - 2:49,MISS Carter Jr. 2' DunkGrant BLOCK (3 BLK),Carter Jr. is denied by Grant at the rim!
Q4 - 8:47,MISS Pippen Jr. 7' Floating Jump Shot,Pippen Jr. misses a floater.
Q1 - 0:38,Jump Ball Leons vs. Kaminsky: Tip to Ramsey,There's a jump ball between Leons and Kaminsky. It's tipped to Ramsey.
Q2 - 7:59,MISS Jaquez Jr. 26' 3PT Running Jump Shot,Jaquez Jr. misses from three-point range.
Q2 - 10:30,Schr√∂der grabs the rebound. (Off:0 Def:2),Schroder gets the rebound.
Q1 - 9:47,L. Johnson Violation:Kicked Ball,Johnson is called for a kicked ball violation.
Q3 - 3:01,ƒêuri≈°iƒá grabs the rebound. (Off:1 Def:4),Djurisic gets the rebound.
Q3 - 6:50,WIZARDS Turnover: Shot Clock (T#13),The Wizards turn the ball over after a shot clock violation!
Q1 - 9:29,MISS Brown Jr. 26' 3PT Running Jump Shot,Brown Jr. misses a three-pointer.
Q3 - 7:54,MISS Trent Jr. 26' 3PT Jump Shot,Trent Jr. misses from three-point range.
Q2 - 2:01,Valanƒçi≈´nas Offensive Foul Turnover (P5.T10),Valanciunas commits an offensive foul!
Q2 - 4:14,Doncic Traveling Turnover (P1.T6),Doncic is turns it over after being called for traveling.
Q4 - 0:14,Rockets Turnover: Shot Clock (T#13),The Rockets loss possession after a shot clock violation!
Q3 - 5:45,Bryant Offensive Goaltending Turnover (P1.T7),Bryant gets called for offensive goaltending.
Q2 - 1:16,MISS Anthony Free Throw Technical,Anthony misses the technical free throw.
Q3 - 11:22,Diabat√© grabs the rebound. (Off:5 Def:0),Diabate comes away with the rebound.
Q1 - 10:04,Nurkiƒá grabs the rebound. (Off:0 Def:1),Nurkic grabs the rebound.
Q3 - 0:01,MISS O'Neale sinks a 26-foot 3PT. Jump Shot,O'Neale misses a three-point shot.
Q2 - 3:58,MISS Oubre Jr. 25' 3PT Jump Shot,Oubre Jr. can't connect on a three-pointer.
Q4 - 9:31,Richards sinks a 1-foot Cutting. Dunk Shot (9 PTS) (Miciƒá 9 AST),Richards cuts to the basket and dunks it! Micic gets the assist.
Q4 - 0:23,MISS Jackson Jr. 2' Driving Layup,Jackson Jr. can't finish the layup.
Q2 - 10:48,Grizzlies Violation: Delay of game Violation,The Grizzlies are called for a delay of game violation.
Q4 - 9:50,Skyhawks Turnover: Shot Clock (T#12),The Skyhawks turn the ball over after a shot clock violation.
Q4 - 0:14,Nuggets Turnover: Shot Clock (T#6),The Nuggets turn the ball over as a result of a shot clock violation.
Q3 - 1:44,Brown Jr. 2' Driving Layup (4 PTS),Brown Jr. drives to the basket and lays it in!
Q4 - 7:35,Oubre Jr. 2' Driving Floating Bank Jump Shot (8 PTS) (Beverley 4 AST),Oubre Jr. puts up a floater and banks it in! Beverley with the assist.
Q1 - 9:07,G. Antetokounmpo Traveling Turnover (P1.T1),Antetokounmpo is called for traveling.
Q1 - 4:34,Jones Jr. 27' 3PT Jump Shot (6 PTS) (Harden 1 AST),Jones Jr. sinks a three-pointer with an assist from Harden!
Q1 - 10:17,Vuƒçeviƒá grabs the rebound. (Off:0 Def:1),Vucevic gets the rebound.
Q2 - 11:12,Vuƒçeviƒá attempts a 26-foot 3PT but misses. Jump Shot,Vucevic misses a three-pointer.
Q4 - 4:45,Jump Ball Holiday vs. Bassey: Tip to Branham,"There's a jump ball between Holiday and Bassey, and it's tipped to Branham."
Q4 - 9:49,Brooks Backcourt Turnover (P1.T11),Brooks turns it over with a backcourt violation!
Q4 - 0:29,Grizzlies Turnover: Shot Clock (T#9),The Grizzlies turn the ball over after the shot clock expires!
Q3 - 9:46,Sala√ºn grabs the rebound. (Off:3 Def:0),Salaun grabs the rebound.
Q3 - 0:18,Lakers Turnover: 8 Second Violation (T#14),The Lakers are called for an eight second violation and turn the ball over!
Q2 - 8:04,Powell Free Throw Flagrant 2 of 3 (4 PTS),Powell makes the second free throw after the flagrant.
Q3 - 11:05,Joviƒá Free Throw 1 of 2 (3 PTS),Jovic makes the first free throw.
Q1 - 0:01,Quickley Traveling Turnover (P1.T4),Quickley turns the ball over after traveling.
Q1 - 0:31,Warren Violation:Defensive Goaltending,Warren is called for defensive goaltending!
Q1 - 7:59,Smith Jr. 2' Putback Layup (6 PTS),Smith Jr. gets the putback layup to fall.
Q4 - 6:23,Carter Jr. 25' 3PT Jump Shot (17 PTS) (Fultz 3 AST),Carter Jr. drains a three-pointer! Fultz on the assist.
Q3 - 11:40,Schr√∂der sinks a 24-foot 3PT. Jump Shot (13 PTS),Schroder sinks three-pointer.
Q4 - 7:07,Vuƒçeviƒá sinks a 1-foot Cutting. Layup Shot (16 PTS) (Terry 4 AST),Vucevic cuts to the hoop and lays it in! Terry assists.
Q4 - 2:15,Tillman Traveling Turnover (P1.T15),Tillman gets called for a travel and turns the ball over.
Q1 - 12:00,Jump Ball Ayton vs. Jackson Jr.: Tip to Williams,There's a jump ball between Ayton and Jackson Jr. It's tipped to Williams!
Q1 - 0:57,Bridges Traveling Turnover (P1.T2),Bridges is called for traveling and turns it over.
Q1 - 1:19,"Matthews, Jr. REBOUND (Off:1 Def:2)",Matthews Jr. with the rebound.
Q4 - 10:06,Alexander-Walker BLOCK (1 BLK)MISS Porter Jr. 25' 3PT Running Pull-Up Jump Shot,Alexander-Walker blocks Porter Jr.'s three-point attempt!
Q1 - 1:02,Jokiƒá attempts a 9-foot Driving but misses. Floating Jump Shot,Jokic can't get the floater to fall.
Q3 - 7:11,O'Neale grabs the rebound. (Off:1 Def:4),O'Neale secures the rebound.
Q3 - 8:46,MISS Jones Jr. 19' Pullup Jump Shot,Jones Jr. can't connect on the mid-range jumper.
Q2 - 1:11,O'Neale sinks a 24-foot 3PT. Jump Shot (6 PTS) (Durant 4 AST),O'Neale makes a three-pointer with an assist from Durant.
Q4 - 0:26,Celtics Turnover: Shot Clock (T#11),The Celtics turn the ball over after a shot clock violation!
Q1 - 1:36,RAPTORS Turnover: Shot Clock (T#7),The Raptors are called for a shot clock violation and lose possession.
Q2 - 1:52,SUB: Bowden FOR ƒêuri≈°iƒá,Bowden enters the game for Djurisic.
Q2 - 2:28,Kleber Violation:Kicked Ball (D.Collins),Kleber gets called for a kicked ball violation.
Q2 - 5:53,Jokiƒá grabs the rebound. (Off:3 Def:8),Jokic grabs the rebound.
Q3 - 9:47,Clowney Traveling Turnover (P1.T8),Clowney is called for traveling and turns the ball over.
Q2 - 2:00,DiVincenzo Traveling Turnover (P3.T7),DiVincenzo turns the ball over after traveling.
Q3 - 2:42,Mad Ants Violation: Delay of game Violation,The Mad Ants are called for a delay of game violation.
Q4 - 10:18,Jackson Jr. 10' Turnaround Jump Shot (20 PTS) (Pippen Jr. 4 AST),Jackson Jr. drills a turnaround jump shot from mid-range. Pippen Jr. assists.
Q4 - 5:05,MISS Baldwin Jr. 26' 3PT Pullup Jump Shot,Baldwin Jr. misses from three.
Q2 - 8:34,"SUB: Dante FOR Cross, Jr.",Dante checks in for Cross Jr. 
Q1 - 2:59,Jokiƒá grabs the rebound. (Off:0 Def:1),Jokic secures the rebound.
Q2 - 1:21,G. Antetokounmpo Traveling Turnover (P2.T3),Antetokounmpo gets called for traveling.
Q1 - 12:00,Jump Ball Oduro vs. Bradley: Tip to Gueye,There's a jump ball between Oduro and Bradley. It's tipped to Gueye!
Q4 - 7:45,Kings Violation: Delay of game Violation,The Kings are called for a delay of game violation.
Q4 - 8:57,Trent Jr. 17' Turnaround Fadeaway (17 PTS),Trent Jr. drains a mid-range fadeaway.
Q1 - 4:26,SUB: Washington FOR Donƒçiƒá,Washington enters the game for Doncic.
Q1 - 3:46,Donƒçiƒá sinks a 27-foot 3PT. Step Back Jump Shot (8 PTS),Doncic hits a step back three!
Q4 - 4:16,Bridges sinks a 1-foot Running. Alley Oop Dunk Shot (28 PTS) (Anunoby 4 AST),Bridges finishes the alley oop from Anunoby!
Q3 - 5:17,O'Neale sinks a 32-foot 3PT. Jump Shot (3 PTS) (Jones 9 AST),O'Neale drains a deep three-pointer! Jones with the assist.
Q1 - 12:00,Jump Ball Valanciunas vs. Davis: Tip to McCollum,"There's a jump ball between Valanciunas and Davis, and it's tipped to McCollum."
Q1 - 11:41,Krejƒç√≠ attempts a 24-foot 3PT but misses. Step Back Jump Shot,Krejci can't hit the step-back three-pointer.
Q1 - 1:27,Lofton Jr. 3' Running Finger Roll Layup (2 PTS),Lofton Jr. drops in a finger roll layup!
Q4 - 7:03,Jaquez Jr. 26' 3PT Jump Shot (22 PTS) (O. Robinson 1 AST),Jaquez Jr. sinks a three-pointer with an assist from Robinson.
Q2 - 9:55,Hardaway Jr. 1' Running Dunk (14 PTS) (Exum 2 AST),Hardaway Jr. dunks it! Exum on the assist.
Q3 - 0:05,Sala√ºn Free Throw 1 of 1 (8 PTS),Salaun makes the free throw.
Q4 - 3:52,SUB: Sarr FOR Valanƒçi≈´nas,Sarr checks in for Valanciunas.
Q1 - 12:00,Jump Ball Adebayo vs. Bitadze: Tip to Highsmith,There's a jump ball between Adebayo and Bitadze. It's tipped to Highsmith!
Q2 - 8:36,Jump Ball Love vs. Garuba: Tip to Arms,"There's a jump ball between Love and Garuba, and it's tipped to Arms."
Q4 - 10:32,Johnson sinks a 1-foot Running. Alley Oop Dunk Shot (10 PTS) (Jones 9 AST),Johnson slams in the alley oop from Jones!
Q4 - 10:08,"SUB: Lenard, Jr. FOR Wheeler",Lenard Jr. enters the game for Wheeler.
Q1 - 12:00,Jump Ball Hartenstein vs. Capela: Tip to Johnson,"There's a jump ball between Hartenstein and Capela, and it's tipped to Johnson!"
Q3 - 9:09,"MISS Murray, Jr. 25' 3PT Pullup Jump Shot",Murray Jr. pulls up from three but his shot won't go.
Q2 - 3:34,Jokiƒá Out of Bounds - Bad Pass Turnover Turnover (P3.T11),Jokic turns it over after sending a bad pass out of bounds.
Q3 - 7:24,Sala√ºn S.FOUL (P2.T2) (B.Barnaky),"Salaun commits the shooting foul. It's his second, and the team's second."
Q2 - 2:11,Nance Jr. 25' 3PT Jump Shot (3 PTS) (Murphy III 2 AST),Nance Jr. sinks a three-pointer with an assist from Murphy III.
Q1 - 12:00,Jump Ball Poeltl vs. Robinson: Tip to Brunson,There's a jump ball between Poeltl and Robinson. It’s tipped out to Brunson.
Q1 - 1:52,Moore Alley Oop Layup (5 PTS) (Hodge 1 AST),Moore lays in the alley oop from Hodge!
Q2 - 10:40,Avdija Violation:Kicked Ball (J.Goldenberg),Avdija is called for a kicked ball violation.
Q4 - 7:30,Jump Ball (CC) Reese vs. Ingram: Tip to Moore,There's a jump ball between Reese and Ingram. It's tipped to Moore!
Q3 - 9:12,Jackson Jr. 1' Layup (20 PTS),Jackson Jr. lays it in at the basket.
Q4 - 0:43,Miller Personal Take Foul (P4.PN) (D.Taylor),"Miller commits the take foul, it's his fourth."
Q1 - 7:11,Valanƒçi≈´nas grabs the rebound. (Off:1 Def:2),Valanciunas gets the rebound.
Q2 - 1:51,Vuƒçeviƒá sinks a 26-foot 3PT. Jump Shot (11 PTS) (Dosunmu 8 AST),Vucevic sinks a three-pointer with an assist from Dosunmu.
Q3 - 8:36,Gilgeous-Alexander Free Throw Technical (24 PTS),Gilgeous-Alexander makes the technical free throw.
Q3 - 9:44,MISS Trent Jr. 11' Floating Jump Shot,Trent Jr. can't get his floater to fall.
Q4 - 7:29,MISS O'Neale sinks a 26-foot 3PT. Jump Shot,O'Neale sinks a three!
Q3 - 10:01,Schr√∂der grabs the rebound. (Off:0 Def:2),Schroder secures the rebound.
Q3 - 8:35,MISS Porter Jr. 24' 3PT Jump Shot,Porter Jr.'s three-pointer is off the mark.
Q2 - 0:16,Schr√∂der Free Throw 2 of 2 (8 PTS),Schroder makes the second free throw.
Q4 - 9:32,MISS Barrett Running Alley Oop Dunk Shot,Barrett can't finish the alley oop!
Q1 - 12:00,Jump Ball Hurt vs. M. Williams: Tip to Johnson,"There's a jump ball between Hurt and Williams, and it's tipped out to Johnson."
Q3 - 0:28,MISS Butler Jr. 24' 3PT Jump Shot,Butler can't hit the three-pointer.
Q1 - 12:00,Jump Ball Hartenstein vs. Holmgren: Tip to Giddey,There's a jump ball between Hartenstein and Holmgren. It's tipped to Giddey!
Q3 - 8:27,VIPERS Turnover: Shot Clock (T#12),The Vipers commit a turnover after a shot clock violation.
Q4 - 0:12,Harden Personal Take Foul (P3.PN) (M.Lindsay),Harden commits the take foul. It's his third.
Q1 - 1:36,O'Connell sinks a 1-foot Running. Reverse Layup (2 PTS) (Baugh 1 AST),O'Connell gets the reverse layup to fall with an assist from Baugh!
Q4 - 1:13,Smith Jr. 29' 3PT Jump Shot (18 PTS) (Martin 5 AST),Smith Jr. nails the deep three-pointer! Martin assists.
Q4 - 5:53,Ellis Traveling Turnover (P3.T12),Ellis turns it over after being called for traveling.
Q2 - 10:46,Porter Jr. 3' Cutting Layup Shot (3 PTS) (Saric 1 AST),Porter Jr. cuts to the basket and scores the layup! Saric gets the assist.
Q2 - 4:18,MISS Miles Jr. 28' 3PT Jump Shot,Miles Jr. can't connect on a deep three-pointer.
Q4 - 8:35,VanVleet Free Throw Technical (17 PTS),VanVleet sinks the technical free throw.
Q3 - 8:36,Schr√∂der attempts a 26-foot 3PT but misses. Running Jump Shot,Schroder can't hit the running three-pointer.
Q1 - 12:00,Jump Ball Embiid vs. Poeltl: Tip to Schroder,There's a jump ball between Embid and Poeltl. It's tipped out to Schroder.
Q4 - 9:28,Valanƒçi≈´nas attempts a 5-foot Driving but misses. Hook Shot,Valanciunas can't get the hook shot to fall.
Q3 - 3:40,Ellis Free Technical 1PT (8 PTS),Ellis makes the technical free throw.
Q4 - 0:11,Tillman Personal Take Foul (P4.PN) (R.Acosta),"Tillman gets called for a take foul, his fourth."
Q2 - 6:17,SUB: O'Connell FOR Brown,O'Connell comes into the game for Brown.
Q1 - 12:00,Jump Ball Bradley vs. Sanogo: Tip to Singleton,"There's a jump ball between Bradley and Sanogo, and it's tipped to Singleton."
Q2 - 11:20,MISS Jackson Jr. 10' Turnaround Jump Shot,Jackson Jr. can't hit the mid-range turnaround.
Q2 - 8:40,MISS Hardaway Jr. 25' 3PT Jump Shot,Hardaway Jr. tries a three-pointer but it won't go.
Q4 - 8:06,Dowtin Jr. 13' Driving Floating Jump Shot (3 PTS),Dowtin Jr. sinks a floater from mid-range!
Q3 - 8:54,MISS Coupet Jr. 25' 3PT Jump Shot,Coupet Jr. misses a three.
Q4 - 7:08,Miller Violation:Defensive Goaltending (G.Petraitis),Miller is called for defensive goaltending!
Q4 - 6:22,Podziemski Backcourt Turnover (P2.T15),Podziemski turns the ball over with a backcourt violation!
Q3 - 0:11,MISS Duke Jr. 25' 3PT Jump Shot,Duke Jr. can't connect on a three-pointer.
Q4 - 0:13,Mintz Personal Take Foul (P1.PN),Mintz commits the take foul. It's his first.
Q3 - 7:56,O'Neale sinks a 25-foot 3PT. Jump Shot (14 PTS) (Jones 6 AST),O'Neale drains the three-point jumper. Jones gets the assist.
Q1 - 0:11,MISS Smith Jr. 14' Pullup Jump Shot,Smith Jr. pulls up from mid-range but his shot is off the mark.
Q2 - 11:47,Nance Jr. 26' 3PT Jump Shot (6 PTS) (Hunter 1 AST),Nance Jr. drills the three-pointer with an assist from Hunter.
Q4 - 8:25,MISS Porter Jr. 23' Jump Shot,Porter Jr. misses from inside the three-point line.
Q1 - 12:00,Jump Ball Jokic vs. Looney: Tip to Gordon,"There's a jump ball between Jokic and Looney, and it's tipped to Gordon!"
Q1 - 11:29,Jackson Jr. 5' Driving Floating Jump Shot (2 PTS) (Bane 1 AST),Jackson Jr. sinks a floater with an assist from Bane.
Q2 - 3:34,Towns Free Throw Technical (14 PTS),Towns makes the technical free throw.
Q2 - 10:18,MISS Pippen Jr. 25' 3PT Jump Shot,Pippen Jr. can't hit his three-pointer.
Q4 - 1:47,MISS Smith Jr. 12' Driving Floating Jump Shot,"Smith Jr. puts up a floater, but it won't fall."
Q3 - 10:11,Valanƒçi≈´nas grabs the rebound. (Off:3 Def:6),Valanciunas secures the rebound.
Q4 - 0:15,SUB: George FOR Valanƒçi≈´nas,George checks in for Valanciunas.
Q1 - 12:00,Jump Ball Castleton vs. Tilmon: Tip to Hood-Schifino,There's a jump ball between Castleton and Tilmon. It's tipped to Hood-Schifino.
Q1 - 3:43,MISS Duke Jr. 10' Driving Hook Shot,Duke Jr. can't get his hook shot to fall.
Q2 - 5:11,Morris Sr. 24' 3PT Jump Shot (9 PTS) (Maxey 2 AST),Morris Sr. hits a three with an assist from Maxey!
Q3 - 10:46,Jokiƒá grabs the rebound. (Off:1 Def:6),Jokic gets the rebound.
Q3 - 10:08,MISS Smith Jr. 29' 3PT Running Pull-Up Jump Shot,Smith Jr. can't hit the deep three-pointer.
Q1 - 4:31,Nurkiƒá S.FOUL (P1.T2) (J.Capers),"Nurkic gets called for a shooting foul. It's his first, the team's second."
Q1 - 0:56,MISS Smith Jr. 26' 3PT Jump Shot,Smith Jr. misses a three-pointer.
Q2 - 6:09,SUB: Ware FOR Joviƒá,Ware enters the game for Jovic.
Q4 - 4:54,Hardaway Jr. 25' 3PT Pullup Jump Shot (38 PTS) (Green 3 AST),Hardaway Jr. pulls up and drains the three! Green assists.
Q1 - 8:43,MISS Oubre Jr. 9' Pullup Jump ShotMiller BLOCK (1 BLK),"Oubre Jr. puts up a jumper, but it gets blocked by Miller!"
Q1 - 0:44,O'Neale Out of Bounds - Bad Pass Turnover Turnover (P1.T4),O'Neale sends a bad pass out of bounds and turns it over.
Q4 - 0:53,Krejƒç√≠ Free Throw 2 of 2 (7 PTS),Krejci makes the second free throw.
Q2 - 10:10,Mathews Backcourt Turnover (P1.T3),Mathews gets called for a backcourt violation and turns the ball over!
Q4 - 2:43,Duke Jr. 1' Cutting Dunk Shot (8 PTS) (Ingram 5 AST),Duke Jr. cuts to the rim and dunks it with an assist from Ingram!
Q2 - 2:10,Diabat√© grabs the rebound. (Off:1 Def:2),Diabate gets the rebound.
Q3 - 9:42,Podziemski Double Dribble Turnover (P4.T9),Podziemski gets called for a double dribble!
Q2 - 3:16,MISS Washington Jr. 13' Pullup Jump Shot,Washington Jr. pulls up from mid-range but his shot is off the mark.
Q2 - 8:04,MISS Boston Jr. 17' Fadeaway Jumper,Boston Jr. misses the mid-range fadeaway.
Q2 - 5:49,"Lenard, Jr. 1' Dunk (7 PTS) (Moore 3 AST)",Lenard Jr. dunks it off of the assist from Moore!
Q3 - 2:41,Oubre Jr. 6' Driving Floating Bank Jump Shot (6 PTS),"Oubre Jr. floats it up, and in off the glass!"
Q2 - 5:50,Vassell Traveling Turnover (P1.T5),Vassell commits the turnover after getting called for a travel.
Q2 - 2:39,Antetokounmpo BLOCK (2 BLK)MISS Carter Jr. 2' Putback Layup,Antetokounmpo denies Carter Jr. at the basket!
Q1 - 6:19,ƒêuri≈°iƒá sinks a 7-foot Driving. Layup (2 PTS),Djurisic drives to the basket and scores the layup!
Q1 - 5:54,Brown Jr. 25' 3PT Jump Shot (3 PTS),Brown Jr. sinks the three-point jumper.
Q1 - 6:40,"SUB: Hauser FOR Matthews, Jr.",Hauser enters the game for Matthews Jr. 
Q1 - 12:00,Jump Ball Ayton vs. Lopez: Tip to Grant,"There's a jump ball between Ayton and Lopez, and it's tipped to Grant."
Q4 - 9:47,MISS Oubre Jr. 27' 3PT Pullup Jump Shot,Oubre Jr. can't hit the deep three-pointer.
Q4 - 0:35,Bitim Violation:Defensive Goaltending (J.DeRosa),Bitim gets called for defensive goaltending!
Q2 - 4:49,"SUB: Matthews, Jr. FOR Singleton",Matthews Jr. enters the game for Singleton.
Q4 - 0:04,Juzang Personal Take Foul (P1.PN),Juzang commits the take foul. It’s his first. 
Q2 - 3:07,Lively II Traveling Turnover (P1.T5),Lively II turns it over after being called for traveling.
Q2 - 0:01,Jokiƒá Free Throw 1 of 2 (16 PTS),Jokic makes the first free throw.
Q3 - 6:22,Porzingis Free Throw Technical (14 PTS),Porzingis sinks the technical free throw.
Q2 - 0:49,Jokiƒá grabs the rebound. (Off:3 Def:10),Jokic comes away with the rebound.
Q1 - 3:15,Joviƒá attempts a 14-foot Driving but misses. Floating Bank Jump Shot,Jokic attempts the mid-range floater but can't get it to fall.
Q4 - 0:04,Celtics Turnover: Shot Clock (T#19),The Celtics lose possession after a shot clock violation!
Q3 - 3:34,Johnson Traveling Turnover (P3.T10),Johnson commits the turnover after getting called for a travel.
Q4 - 4:47,MISS Oubre Jr. 7' Driving Finger Roll Layup,Oubre Jr. can't finish the layup.
Q2 - 2:52,SUB: Durant FOR O'Neale,Durant checks in for O'Neale.
Q2 - 10:45,MISS Oubre Jr. 4' Driving Floating Jump Shot,Oubre Jr. misses a short-range floater.
Q4 - 8:18,Boston Jr. 2' Running Layup (11 PTS),Boston Jr. finishes the running layup!
Q2 - 11:43,MISS Carter Jr. 5' Layup,Carter Jr. misses the layup.
Q1 - 12:00,Jump Ball Bediako vs. Chomche: Tip to Mogbo,There's a jump ball between Bediako and Chomche. It's tipped out to Mogbo.
Q4 - 1:10,Lofton Jr. 15' Pullup Jump Shot (10 PTS) (Konchar 2 AST),Lofton Jr. pulls up from mid-range and knocks it down! Konchar gets the assist.
Q3 - 10:19,MISS Williams Jr. 15' Pullup Jump Shot,Williams pulls up from mid-range but can't connect.
Q4 - 8:25,O'Neale grabs the rebound. (Off:3 Def:3),O'Neale comes away with the rebound.
Q3 - 11:24,A. Williams Traveling Turnover (P3.T12),Williams gets called for traveling and turns the ball over.
Q2 - 9:39,Nwora BLOCK (1 BLK)MISS Oubre Jr. 7' Driving Layup,Nwora blocks Oubre Jr.'s layup!
Q3 - 1:19,MISS O'Neale sinks a 25-foot 3PT. Jump Shot,O'Neale misses from three-point range.
Q2 - 8:55,Joviƒá attempts a 24-foot 3PT but misses. Jump Shot,Jovic can't hit the three-pointer.
Q2 - 1:17,Dowtin Jr. 14' Fadeaway Jumper (12 PTS),Dowtin Jr. drains the mid-range fadeaway.
Q4 - 2:45,Anderson Traveling Turnover (P2.T13),Anderson travels and turns it over!
Q3 - 6:56,Ja. Green sinks a 3-foot Running. Alley Oop Dunk Shot (8 PTS) (VanVleet 10 AST),Green dunks the alley oop from VanVleet!
Q3 - 10:29,Collins Violation:Kicked Ball (M.Kallio),Collins is called for a kicked ball violation.
Q4 - 4:01,Mavericks Turnover: Shot Clock (T#17),The Mavericks turn the ball over with a shot clock violation!
Q3 - 4:51,Nance Jr. 1' Cutting Dunk Shot (4 PTS) (Jones 3 AST),Nance Jr. cuts to the hoop and dunks it! Jones with the assist.
Q3 - 7:51,Carter Jr. 1' Alley Oop Dunk (5 PTS) (F. Wagner 6 AST),Carter Jr. finishes the alley oop from Wagner!
Q4 - 0:02,Schroder Personal Take Foul (P2.PN) (J.Orr),Schroder commits the take foul. It's his second.
Q4 - 8:15,Smith Jr. 13' Pullup Jump Shot (5 PTS),Smith Jr. pulls up from mid-range and knocks it down.
Q4 - 8:09,Dowtin Jr. 13' Step Back Jump Shot (16 PTS),Dowtin Jr. knocks down the mid-range step back!
Q1 - 9:51,Schr√∂der attempts a 5-foot Driving but misses. LayupF. Wagner BLOCK (2 BLK),Schroder drives to the hoop but gets denied by Wagner!
Q2 - 9:45,MISS Jackson Jr. 27' 3PT Jump Shot,Jackson Jr. misses on a three.
Q3 - 0:18,Spurs Turnover: Shot Clock (T#11),The Spurs turn it over with a shot clock violation!
Q2 - 0:50,Butler sinks a 24-foot 3PT. Jump Shot (5 PTS) (Joviƒá 2 AST),Butler sinks the three-pointer with an assist from Jovic.
Q4 - 5:01,MISS Samuels Jr. 26' 3PT Jump Shot,Samuels can't hit the three-pointer.
Q3 - 7:52,Knight Offensive Goaltending Turnover (P2.T14),Knight is called for offensive goaltending!
Q1 - 4:26,McGowens Traveling Turnover (P1.T3),McGowens travels and turns the ball over.
Q3 - 10:21,P√∂ltl grabs the rebound. (Off:4 Def:4),Poeltl gets the rebound.
Q2 - 0:13,A. Williams Violation:Kicked Ball,Williams is called for a kicked ball violation.
Q3 - 2:44,MISS O'Neale sinks a 4-foot Running. Layup,O'Neale can't finish the layup.
Q1 - 10:09,Porter Jr. 17' Pullup Jump Shot (5 PTS) (Jokiƒá 2 AST),Porter Jr. pulls up from mid-range and knocks it down. Jokic assists.
Q4 - 0:06,Sala√ºn attempts a 29-foot 3PT but misses. Jump Shot,Salaun can't connect on the deep three-pointer.
Q2 - 6:51,≈†ariƒá attempts a 26-foot 3PT but misses. Jump Shot,Saric can't knock down the three-pointer.
Q4 - 1:32,Hendricks Traveling Turnover (P1.T14),Hendricks turns it over after being called for traveling.
Q2 - 10:23,Tate Traveling Turnover (P1.T2),Tate gets called for traveling and turns it over!
Q1 - 0:07,SUB: Williams FOR Diabat√©,Williams enters for Diabate.
Q3 - 1:35,Smith Jr. 1' Driving Dunk (2 PTS),Smith Jr. drives to the hoop and dunks it!
Q3 - 2:50,Schr√∂der grabs the rebound. (Off:0 Def:3),Schroder grabs the rebound.
Q4 - 1:28,MISS Brown Jr. 26' 3PT Running Jump Shot,Brown Jr. misses the three-point jumper.
Q4 - 5:54,Dunn Traveling Turnover (P1.T12),Dunn gets called for a travel and turns it over.
Q3 - 1:40,Alatishe Violation:Defensive Goaltending,Alatishe gets called for defensive goaltending!
Q4 - 1:00,CLIPPERS Turnover: Shot Clock (T#18),The Clippers lose possession with a shot clock violation.
Q4 - 3:44,Hendricks Violation:Kicked Ball (A.Moyer-Gleich),Hendricks is called for a kicked ball violation.
Q1 - 1:45,MISS Jaquez Jr. 27' 3PT Jump Shot,Jaquez Jr. can't connect on a three-pointer.
Q2 - 6:23,CELTICS Turnover: Shot Clock (T#3),The Celtics turn it over with a shot clock violation!
Q2 - 8:41,Reed STEAL (1 STL)Miciƒá Lost Ball Turnover (P2.T4),Reed steals it from Micic!
Q4 - 2:46,Schr√∂der grabs the rebound. (Off:0 Def:2),Schroder comes away with the rebound.
Q5 - 0:51,MISS Trent Jr. 2' Driving Finger Roll Layup,Trent Jr. can't finish the finger roll layup.
Q2 - 10:38,Lofton Jr. BLOCK (3 BLK)MISS Washington Jr. 3' Layup,Lofton Jr. denies Washington at the basket!
Q3 - 8:18,Miciƒá attempts a 27-foot 3PT but misses. Pullup Jump Shot,Micic can't hit the pullup three-pointer.
Q3 - 6:07,MISS Jackson Jr. 26' 3PT Jump Shot,Jackson Jr. misses from three-point range.
Q4 - 1:55,Brown Jr. 24' 3PT Jump Shot (9 PTS) (Edwards 5 AST),Brown Jr. sinks a three with an assist from Edwards.
Q3 - 10:39,Joviƒá S.FOUL (P3.T1) (J.Butler),"Jovic commits the shooting foul. It's his third, and the team's first."
Q3 - 9:19,Jokiƒá sinks a 2-foot Driving. Layup (12 PTS) (Gordon 1 AST),Jokic finishes with a layup off of an assist from Gordon.
Q4 - 7:13,MISS Simons Free Throw Technical,Simons can't knock down the free throw after the technical.
Q1 - 3:31,Donƒçiƒá grabs the rebound. (Off:0 Def:1),Doncic gets the rebound.
Q3 - 2:46,MISS Boston Jr. 15' Pullup Jump Shot,Boston Jr.'s mid-range jump shot is off the mark.
Q1 - 5:50,Porter Jr. 16' Fadeaway Jumper (2 PTS),Porter Jr. sinks the mid-range fadeaway.
Q4 - 11:30,Trent Jr. 25' 3PT Pullup Jump Shot (9 PTS) (Lopez 1 AST),Trent Jr. pulls up for three and nails it! Lopez with the assist.
Q1 - 10:22,MISS Duke Jr. 27' 3PT Jump Shot,Duke Jr. can't get the deep three-pointer to fall.
Q1 - 12:00,Jump Ball Dante vs. Haase: Tip to Nowell,There's a jump ball between Dante and Haase. It's tipped to Nowell!
Q4 - 9:56,Samuels Jr. 5' Driving Layup (23 PTS) (Culver 5 AST),Samuels Jr. drives to the rim and scores! Culver with the assist.
Q2 - 7:45,Jackson Jr. 3' Driving Bank Hook Shot (5 PTS),Jackson Jr. banks in a hook shot!
Q3 - 2:42,Leonard attempts a 3-foot Running but misses. Alley Oop Layup Shot,Leonard can't finish the alley oop.
Q3 - 7:33,Porter Jr. 26' 3PT Jump Shot (23 PTS) (Jokic 5 AST),Porter Jr. sinks the three-pointer with an assist from Jokic.
Q3 - 5:32,MISS Oubre Jr. 27' 3PT Running Jump Shot,Oubre Jr. misses a deep three-pointer.
Q3 - 2:17,Butler Jr. 3' Cutting Dunk Shot (5 PTS) (Nembhard Jr. 6 AST),Butler Jr. cuts to the hoop and slams it home! Nembhard Jr. gets the assist.
Q3 - 7:43,Nurkiƒá P.FOUL (P2.T4) (B.Forte),"Nurkic commits a personal foul. It's his second, and the team's fourth."
Q4 - 0:02,Hill Personal Take Foul (P2.PN),Hill commits the take foul. It's his second.
Q3 - 4:44,KINGS Turnover: Shot Clock (T#10),The Kings turn it over after a shot clock violation!
Q3 - 4:07,Jump Ball Spencer vs. Mitchell: Tip to Spalding,"There's a jump ball between Spencer and Mitchell, and it's tipped out to Spalding."
Q3 - 0:06,Nembhard Jr. 2' Layup (13 PTS),Nembhard Jr. drops in the layup.
Q4 - 7:27,Joviƒá commits an offensive foul. (P3) (K.Lane),"Jovic is called for an offensive foul, it's his third."
Q3 - 0:46,Heat Turnover: Shot Clock (T#11),The Heat lose possession after a shot clock violation.
Q1 - 11:14,MISS Jackson Jr. 3' Driving LayupMcCollum BLOCK (1 BLK),Jackson Jr. has his layup attempt blocked by McCollum!
Q2 - 11:36,76ers Turnover: Shot Clock (T#2),The 76ers turn the ball over after a shot clock violation!
Q1 - 12:00,Jump Ball Jokic vs. Turner: Tip to Gordon,"There's a jump ball between Jokic and Turner, and it's tipped to Gordon."
Q3 - 9:42,"Matthews, Jr. 5' Running Dunk (9 PTS) (Harris 7 AST)",Matthews Jr. slams in the running dunk with an assist from Harris!
Q1 - 3:00,Hardaway Jr. 3' Driving Finger Roll Layup (6 PTS),Hardaway Jr. drives in and finishes with a finger roll layup.
Q3 - 10:41,"Singleton sinks a 25-foot 3PT. Jump Shot (5 PTS) (Murray, Jr. 4 AST)",Singleton drains a three-pointer with an assist from Murray Jr.
Q4 - 4:06,Joviƒá Free Throw 2 of 2 (14 PTS),Jovic makes the second free throw.
Q1 - 5:42,GRIZZLIES Violation: Delay of game Violation,The Grizzlies get hit with a delay of game violation.
Q1 - 4:15,Oubre Jr. 8' Floating Jump Shot (5 PTS),Oubre Jr. puts up the floater and gets it to go!
Q4 - 11:06,Sala√ºn sinks a 26-foot 3PT. Jump Shot (9 PTS) (Ball 4 AST),Salaun drains a three! Ball gets the assist.
Q5 - 0:00,Lewis BLOCK (2 BLK)MISS Samuels Jr. 8' Driving Layup,Lewis blocks Samuels Jr. on the layup attempt!
Q2 - 4:08,Brunson Free Throw Technical (12 PTS),Brunson sinks the technical free throw.
Q3 - 6:07,Diabat√© attempts a 1-foot Cutting but misses. Finger Roll Layup Shot,Diabate can't finish the layup at the rim.
Q1 - 3:06,Anderson Traveling Turnover (P1.T3),Anderson gets called for traveling and turns the ball over.
Q4 - 11:44,Miciƒá S.FOUL (P2.T1) (S.Foster),"Micic is called for a shooting foul. It's his second, and the team's first."
Q2 - 4:49,Davis Alley Oop Dunk (18 PTS) (Irving 1 AST),Davis finishes the alley oop from Irving with a dunk!
Q1 - 0:32,Alvarado Traveling Turnover (P2.T6),Alvarado is called for traveling and turns it over.
Q2 - 11:08,SUB: Krejƒç√≠ FOR Johnson,Krejci checks in for Johnson.
Q2 - 0:42,Jump Ball Nwora vs. Ingles: Tip to Turner,There's a jump ball between Nwora and Ingles. It's tipped out to Turner!
Q4 - 8:27,Valanƒçi≈´nas grabs the rebound. (Off:2 Def:3),Valanciunas grabs the rebound.
Q2 - 7:35,SUB: Sarr FOR Valanƒçi≈´nas,Sarr enters the game for Valanciunas.
Q2 - 8:19,SUB: Jokiƒá FOR Porter Jr.,Jokic checks in for Porter Jr. 
Q4 - 8:10,SUB: Thomas FOR Schr√∂der,Thomas checks in for Schroder.
Q4 - 0:32,Ramsey sinks a 1-foot Running. Alley Oop Layup Shot (2 PTS) (Nwora 1 AST),Ramsey finishes the alley oop from Nwora with a layup!
Q2 - 2:23,Jaquez Jr. 15' Fadeaway Jumper (11 PTS),Jaquez Jr. sinks the mid-range fadeaway!
Q3 - 4:01,MISS Harper Jr. 27' 3PT Jump Shot,Harper Jr. can't connect from three-point range.
Q3 - 3:03,Nance Jr. 3' Putback Layup (4 PTS),Nance Jr. finishes the putback layup!
Q4 - 2:58,Jump Ball Plumlee vs. Marjanovic: Tip to Thompson,"There's a jump ball between Plumlee and Marjanovic, and it's tipped to Thompson!"
Q3 - 2:34,Smith Violation:Kicked Ball,Smith is called for a kicked ball violation.
Q4 - 0:19,Davis Personal Take Foul (P2.PN) (J.Sterling),Davis is called for the take foul. It's his second.
Q3 - 3:45,ƒêuri≈°iƒá attempts a 22-foot Pullup but misses. Jump Shot,Djurisic pulls up from mid-range but can't connect.
Q4 - 5:32,MISS Cunningham Free Throw Technical,Cunningham misses the technical free throw.
Q1 - 0:24,"Pinson sinks a 26-foot 3PT. Jump Shot (12 PTS) (Lenard, Jr. 1 AST)",Pinson drains a three-pointer with an assist from Lenard Jr. 
Q1 - 2:03,Jokiƒá sinks a 8-foot Driving. Floating Jump Shot (8 PTS),Jokic gets a floater to fall!
Q3 - 5:42,Coupet Jr. 27' 3PT Jump Shot (3 PTS) (Jackson 3 AST),Coupet makes a three-pointer. Jackson assists.
Q1 - 9:25,MISS Carter Jr. 24' 3PT Jump Shot,Carter Jr. misses a three-pointer.
Q3 - 7:14,MISS Duke Jr. 26' 3PT Jump Shot,Duke Jr. misses from three.
Q3 - 8:06,BUCKS Turnover: Shot Clock (T#11),The Bucks turn the ball over after a shot clock violation!
Q2 - 4:52,Jaquez Jr. 1' Running Layup (7 PTS) (Jovic 3 AST),Jaquez Jr. gets to the rim and finishes with a layup! Jovic with the assist.
Q4 - 10:00,Claxton Running Alley Oop Dunk Shot (11 PTS) (Smith Jr. 3 AST),Claxton throws down the alley oop from Smith Jr.!
Q4 - 2:01,Black Traveling Turnover (P4.T16),Black is called for a travel and turns the ball over.
Q1 - 5:23,Trent Jr. 24' 3PT Jump Shot (11 PTS) (Dick 1 AST),Trent Jr. sinks a three-pointer! Dick gets the assist.
Q4 - 0:18,NETS Turnover: Shot Clock (T#19),The Nets lose possession after a shot clock violation!
Q2 - 8:25,Porter Jr. 27' 3PT Jump Shot (10 PTS) (Murray 4 AST),Porter Jr. knocks down the three-pointer! Murray with the assist.
Q3 - 6:02,Poole Lost Ball Turnover (P3.T12)Jokiƒá STEAL (1 STL),Poole has the ball stolen by Jokic!
Q1 - 7:34,STARS Turnover: Shot Clock (T#2),The Stars commit a turnover after a shot clock violation!
Q1 - 9:09,MISS Smith Jr. 26' 3PT Jump Shot,Smith Jr. can't connect on a three-pointer.
Q4 - 2:23,Caruso Personal Take Foul (P2.T2) (J.Williams),"Caruso commits the take foul. It's his second, and the team's second as well."
Q1 - 2:42,Butler sinks a 2-foot Running. Alley Oop Layup Shot (6 PTS) (Lowry 2 AST),Butler lays in the alley oop from Lowry!
Q4 - 1:04,Hunter BLOCK (1 BLK)MISS Dowtin Jr. 27' 3PT Pullup Jump Shot,Hunter blocks Dowtin Jr.'s three-pointer!
Q4 - 6:54,Micic Personal Take Foul (P2.T3) (S.Corbin),"Micic commits a take foul. It's his second, the team's third."
Q4 - 5:07,Williams Jr. 25' 3PT Jump Shot (3 PTS) (Bane 7 AST),Williams Jr. connects from three. Bane assists.
Q3 - 0:36,Kessler attempts a 2-foot Putback but misses. LayupJokiƒá BLOCK (1 BLK),"Kessler tries a putback, but it's blocked by Jokic!"
Q3 - 4:02,MISS Hardaway Jr. 26' 3PT Jump Shot,Hardaway Jr. can't knock down the three-pointer.
Q4 - 11:23,ƒêuri≈°iƒá Traveling Turnover (P3.T14),Djurisic turns it over after being called for traveling.
Q4 - 7:58,Kispert Free Throw Technical (3 PTS),Kispert sinks the technical free throw.
Q3 - 10:10,Highsmith Traveling Turnover (P1.T7),Highsmith gets called for a travel and turns the ball over!
Q3 - 6:42,Donƒçiƒá attempts a 7-foot Driving but misses. Floating Jump Shot,Doncic puts up a floater but misses.
Q1 - 3:53,O'Neale S.FOUL (P2.T3) (J.Butler),"O'Neale gets called for a shooting foul. It's his second, the team's third."
Q2 - 1:35,MISS Oubre Jr. 2' Tip Layup Shot,Oubre Jr. can't tip it in!
Q3 - 5:20,"SUB: Baker FOR Matthews, Jr.",Baker checks in for Matthews Jr. 
Q2 - 2:51,Miciƒá sinks a 25-foot 3PT. Pullup Jump Shot (7 PTS),Micic pulls up for three and knocks it down.
Q4 - 6:33,P√∂ltl Free Throw 2 of 2 (15 PTS),Poeltl makes the second free throw.
Q3 - 7:08,"SUB: Baker FOR Matthews, Jr.",Baker enters the game for Matthews Jr. 
Q1 - 7:50,Murray sinks a 26-foot 3PT. Running Pull-Up Jump Shot (3 PTS) (Jokiƒá 5 AST),Murray drills the pullup three-pointer with an assist from Jokic!
Q1 - 4:39,Reed Traveling Turnover (P1.T3),Reed is called for a travel.
Q4 - 5:36,SUB: O'Neale FOR Beal,O'Neale comes in for Beal.
Q3 - 0:01,"Murray, Jr. REBOUND (Off:0 Def:1)",Murray Jr. secures the rebound.
Q3 - 5:45,Donƒçiƒá sinks a 6-foot Running. Layup (24 PTS),Doncic drops in a layup!
Q4 - 0:40,Young Personal Take Foul (P3.PN) (B.Kennedy),Young commits a take foul. It's his third.
Q2 - 11:47,Williams Jr. 24' 3PT Jump Shot (3 PTS) (Gilyard 2 AST),Williams Jr. sinks a three-pointer. Gilyard gets the assist.
Q4 - 8:55,O'Neale BLOCK (1 BLK)Whitmore attempts a 3-foot Running but misses. Layup,O'Neale blocks Whitmore at the basket!
Q1 - 10:49,MISS Trent Jr. 18' Step Back Jump Shot,Trent Jr. can't knock down the step back jumper.
Q2 - 6:25,MISS Jones Jr. 2' Running Layup,Jones Jr. can't finish the layup.
Q1 - 0:46,Oubre Jr. 1' Tip Layup Shot (4 PTS),Oubre Jr. tips it in!
Q3 - 1:07,Jump Ball Days vs. Pargo: Tip to Williams,"There's a jump ball between Days and Pargo, and it's tipped out to Williams."
Q4 - 1:02,SUB: Joviƒá FOR Adebayo,Jovic checks in for Adebayo.
Q1 - 2:54,Sabonis Traveling Turnover (P2.T3),Sabonis is called for traveling and turns the ball over!
Q2 - 0:18,MISS Conley Free Throw Technical,Connley can't knock down the technical free throw.
Q3 - 9:11,Dick Free Technical 1PT (10 PTS),Dick makes the technical free throw.
Q3 - 5:20,SKYFORCE Violation: Delay of game Violation,The Skyforce get hit with a delay of game violation.
Q2 - 1:13,Porter Jr. 26' 3PT Jump Shot (14 PTS) (Braun 3 AST),Porter Jr. drills a three pointer with an assist from Braun!
Q2 - 11:44,MISS Smith Jr. 19' Pullup Jump Shot,Smith Jr. misses on a mid-range jumper.
Q4 - 4:16,Foster Jr. 7' Turnaround Hook Shot (22 PTS) (Hampton 7 AST),Foster Jr. sinks the hook shot off of the assist from Hampton.
Q1 - 5:05,Holmgren Alley Oop Layup (9 PTS) (Gilgeous-Alexander 2 AST),Holmgren finishes the alley oop from Gilgeous-Alexander!
Q2 - 9:46,O'Neale S.FOUL (P1.T2) (C.Kirkland),"O'Neale commits the shooting foul. It's his first, the team's second."
Q3 - 2:39,George sinks a 1-foot Running. Alley Oop Layup Shot (8 PTS) (Markkanen 2 AST),George lays in the alley oop from Markkanen!
Q3 - 11:44,Curry Free Throw Technical (10 PTS),Curry sinks the technical free throw.
Q4 - 0:51,Smith Jr. 2' Driving Reverse Layup (12 PTS) (Giles III 1 AST),Smith Jr. finishes with a reverse layup. Giles III with the assist.
Q1 - 12:00,Jump Ball Tshiebwe vs. Huff: Tip to Payton,There's a jump ball between Tshiebwe and Huff. It's tipped to Payton.
Q2 - 4:15,MISS Trent Jr. 25' 3PT Pullup Jump Shot,Trent Jr.'s three-pointer is off the mark.
Q2 - 5:31,MISS Donƒçiƒá Free Throw 2 of 2,Doncic misses the second free throw.
Q2 - 2:14,Harkless BLOCK (2 BLK)MISS Washington Jr. 9' Layup,Harkless rejects Washington Jr.'s layup!
Q1 - 10:57,Jackson Jr. 9' Driving Floating Bank Jump Shot (2 PTS),"Jackson Jr. floats it up, and in!"
Q5 - 5:00,Jump Ball Sabonis vs. Ayton: Tip to Grant,There's a jump ball between Sabonis and Ayton. It's tipped out to Grant!
Q2 - 6:33,Council IV Traveling Turnover (P1.T4),Council IV turns it over after getting called for traveling.
Q1 - 12:00,Jump Ball Collins vs. Jokic: Tip to Gordon,"There's a jump ball between Collins and Jokic, and it's tipped to Gordon."
Q3 - 0:33,MISS Jones Free Throw Technical,Jones can’t knock down the technical free throw.
Q4 - 5:11,MISS Duke Jr. 3' Running Layup,Duke Jr. misses the layup.
Q1 - 3:21,Pippen Jr. 8' Fadeaway Jumper (5 PTS),Pippen Jr. knocks down a mid-range fadeaway!
Q2 - 5:17,Vassell Free Throw Technical (11 PTS),Vassell makes the technical free throw.
Q3 - 0:30,Tilmon BLOCK (2 BLK)MISS Butler Jr. 11' Jump Shot,Tilmon blocks Butler Jr.'s jump shot!
Q4 - 7:33,Nesmith Violation:Kicked Ball (Z.Zarba),Nesmith is called for a kicked ball violation.
Q2 - 5:00,Preston BLOCK (1 BLK)MISS Washington Jr. 3' Layup,Preston denies Washington Jr. at the basket!
Q1 - 7:42,MISS Gilgeous-Alexander Free Throw Technical,Gilgeous-Alexander misses the technical free throw.
Q3 - 11:08,MISS Jones Jr. 24' 3PT Jump Shot,Jones Jr. can't hit the three-pointer.
Q2 - 0:00,MISS Moore Jr. 14' Pullup Jump Shot,Moore Jr. pulls up from mid-range but the shot won't go.
Q2 - 3:03,Jump Ball Allen vs. White: Tip to Mitchell,There's a jump ball between Allen and White. It's tipped to Mitchell!
Q1 - 1:25,Caruso S.FOUL (P1.PN) (P.O'Connell),"Caruso is called for a shooting foul, his first."
Q3 - 3:14,Jaquez Jr. 1' Running Finger Roll Layup (8 PTS),Jaquez Jr. drops in the finger roll layup!
Q2 - 11:12,O'Neale Bad Pass Turnover (P1.T5)Paul STEAL (2 STL),O'Neale throws a bad pass and Paul takes it away!
Q2 - 7:19,Lofton Jr. 2' Layup (11 PTS),Lofton Jr. scores the layup.
Q1 - 6:26,Young Violation:Kicked Ball (T.Maddox),Young is called for a kicked ball violation.
Q4 - 9:10,MISS Jackson Jr. 2' Turnaround Bank Shot,Jackson Jr. is unable to bank it in from short-range.
Q2 - 3:06,Oubre Jr. 5' Driving Floating Jump Shot (16 PTS),Oubre Jr. drives to the basket and scores a floater!
Q3 - 3:40,Porter Jr. 3' Cutting Layup Shot (16 PTS) (Jokiƒá 9 AST),Porter Jr. cuts to the hoop and scores! Jokic gets the assist.
Q3 - 10:26,MISS Smith Jr. 25' 3PT Step Back Jump Shot,Smith Jr. misses a step back three.
Q3 - 3:07,SUB: Valanƒçi≈´nas FOR Poole,Valanciunas checks in for Poole.
Q1 - 4:29,Murray FLAGRANT.FOUL.TYPE1 (P1.T2) (M.Ervin),"Murray is called for a flagrant one. It's his first, the team's second."
Q3 - 11:09,Vuƒçeviƒá grabs the rebound. (Off:6 Def:5),Vucevic secures the rebound.
Q2 - 7:42,Carter Traveling Turnover (P2.T5),Carter travels and turns it over!
Q2 - 1:57,P√∂ltl grabs the rebound. (Off:1 Def:3),Poeltl grabs the rebound.
Q3 - 1:35,Trent Jr. Free Throw Technical (5 PTS),Trent Jr. knocks down the technical free throw.
Q2 - 8:29,P√∂ltl BLOCK (3 BLK)Drummond attempts a 6-foot Driving but misses. Floating Jump Shot,Poeltl rejects Drummond's floater!
Q3 - 0:36,MISS Moore Jr. 5' Driving LayupObiesie BLOCK (4 BLK),Moore Jr. drives in for the layup but gets denied by Obiesie!
Q4 - 0:00,SUNS Turnover: Shot Clock (T#16),The Suns lose possession after a shot clock violation!
Q4 - 11:17,Rodman BLOCK (1 BLK)MISS Brooks Jr. 8' Layup,Rodman blocks Brooks Jr. on the layup attempt!
Q4 - 0:43,Williams Jr. 2' Cutting Layup Shot (12 PTS) (Bane 5 AST),Williams Jr. cuts to the basket and lays it in! Bane with the assist.
Q4 - 8:07,"SUB: Norris FOR Matthews, Jr.",Norris enters for Matthews Jr. 
Q4 - 12:00,Heat Violation: Delay of game Violation,The Heat are assessed a delay of game violation.
Q3 - 8:16,SPURS Turnover: Shot Clock (T#11),The Spurs lose possession after a shot clock violation.
Q2 - 9:35,Sala√ºn grabs the rebound. (Off:1 Def:4),Salaun secures the rebound.
Q3 - 1:08,Doncic Traveling Turnover (P4.T10),Doncic gets called for traveling and turns the ball over!
Q1 - 10:29,MISS George Free Throw Technical,George can't knock down the technical free throw.
Q4 - 3:59,Schr√∂der P.FOUL (P2.T4) (C.Kirkland),"Schroder is called for the personal foul. It's his second, the team's fourth."
Q1 - 7:11,Brown Jr. 6' Hook Shot (2 PTS),Brown Jr. drops in a short-range hook shot.
Q4 - 9:41,P√∂ltl attempts a 12-foot Floating but misses. Jump Shot,Poeltl can't get his floater to fall.
Q3 - 1:36,Nelson Jr. 2' Driving Layup (4 PTS),Nelson Jr. drives to the hoop and scores the layup!
Q4 - 0:26,Bacot Offensive Goaltending Turnover (P4.T18),Bacot is called for offensive goaltending!
Q4 - 4:06,MISS Dowtin Jr. 27' 3PT Jump Shot,Dowtin Jr. can't connect on a deep three-pointer.
Q3 - 2:13,Baker Violation:Defensive Goaltending,Baker is called for defensive goaltending!
Q3 - 11:27,Durant Transition Take Foul (P1.T1) (J.Williams),"Durant is called for the transition take foul. It's his first, and the team's first."
Q4 - 5:49,SUB: Joviƒá FOR Jaquez Jr.,Jovic checks in. Jaquez Jr. exits.
Q1 - 4:11,Harper Jr. 25' 3PT Jump Shot (3 PTS) (Davison 1 AST),Harper Jr. knocks down a three with an assist from Davison.
Q5 - 5:00,Jump Ball Filipowski vs. Simmons: Tip to Dunn,"There's a jump ball between Filipowski and Simmons, and it's tipped to Dunn."
Q1 - 9:57,Jaquez Jr. 5' Cutting Layup Shot (2 PTS) (Adebayo 1 AST),Jaquez Jr. cuts to the basket and scores the layup! Adebayo gets the assist.
Q2 - 2:24,MISS O'Neale sinks a 26-foot 3PT. Jump Shot,O'Neale misses a three-pointer.
Q1 - 8:47,P√∂ltl attempts a 4-foot Putback but misses. Layup,Poeltl can't get the putback to fall.
Q2 - 8:02,Moore Jr. 7' Fadeaway Jumper (2 PTS) (Eastern 2 AST),Moore Jr. knocks down the close-range fadeaway! Eastern assists.
Q2 - 9:28,Vuƒçeviƒá STEAL (2 STL)C. Martin Bad Pass Turnover (P2.T8),Vucevic steals it off of a bad pass from Martin!
Q4 - 6:25,Alexander-Walker Violation:Kicked Ball (R.Acosta),Alexander-Walker is called for a kicked ball violation.
Q2 - 5:00,Dowtin Jr. 26' 3PT Running Pull-Up Jump Shot (8 PTS),Dowtin Jr. pulls up from three and knocks it down!
Q1 - 12:00,Jump Ball Nurkic vs. Holmgren: Tip to Giddey,There's a jump ball between Nurkic and Holmgren. It's tipped to Giddey.
Q2 - 10:25,MISS Washington Jr. 27' 3PT Pullup Jump Shot,Washington Jr. is unable to knock down the three-pointer.
Q1 - 4:45,"SUB: Matthews, Jr. FOR Murray, Jr.",Matthews Jr. checks in for Murray Jr. 
Q4 - 0:15,Schroder P.FOUL (P2.T3) (P.O'Connell),"Schroder commits a personal foul. It's his second, the team's third."
Q1 - 3:04,Moore Jr. 19' Jump Shot (2 PTS) (Sasser 2 AST),Moore Jr. knocks down a mid-range jumper. Sasser on the assist.
Q1 - 4:54,Gabriel Traveling Turnover (P1.T2),Gabriel is called for traveling and turns it over.
Q1 - 6:58,Collins sinks a 1-foot Running. Alley Oop Dunk Shot (2 PTS) (Dunn 2 AST),Collins dunks the alley oop from Dunn!
Q2 - 8:44,Schr√∂der attempts a 26-foot 3PT but misses. Jump Shot,Schroder's three-pointer won't go.
Q4 - 3:31,Jump Ball Nance Jr. vs. Powell: Tip to Ingram,There's a jump ball between Nance Jr. and Powell. It's tipped out to Ingram!
Q3 - 5:17,Ingles Free Throw Technical (4 PTS),Ingles makes the technical free throw.
Q2 - 0:20,Jump Ball Goodwin vs. Manley: Tip to Nogues,There's a jump ball between Goodwin and Manley. The tip goes to Nogues.
Q1 - 0:00,O'Connell grabs the rebound. (Off:1 Def:3),O'Connell secures the rebound.
Q4 - 2:34,MISS Smith Jr. 21' Step Back Jump Shot,Smith Jr. tries a step back from mid-range but it's off the mark.
Q1 - 5:16,MISS Jackson Jr. 25' 3PT Jump Shot,Jackson Jr. can't connect from three-point range.
Q4 - 4:45,Smith Jr. 4' Layup (15 PTS) (Sengun 7 AST),Smith Jr. finishes with a layup off of the assist from Sengun.
Q1 - 4:20,James sinks a 1-foot Running. Alley Oop Dunk Shot (6 PTS) (Reaves 3 AST),James throws down the alley oop from Reaves!
Q2 - 10:36,Jackson Jr. 6' Driving Floating Jump Shot (9 PTS),Jackson Jr. drives in and finishes with a floater!
Q2 - 10:31,MISS Jones Jr. 1' Driving Finger Roll Layup,Jones Jr. can't get the layup to fall!
Q2 - 9:30,Key Traveling Turnover (P1.T7),Key is called for traveling and turns the ball over.
Q1 - 11:46,Murray Violation:Kicked Ball (N.Green),There's a kicked ball violation on Murray.
Q1 - 9:08,Bulls Turnover: Shot Clock (T#2),The Bulls lose possession after a shot clock violation.
Q3 - 0:25,MISS Jaquez Jr. 26' 3PT Jump Shot,Jaquez Jr. misses on a three-pointer.
Q3 - 10:01,Carter Jr. 1' Cutting Dunk Shot (12 PTS) (F. Wagner 2 AST),Carter Jr. cuts to the basket and throws it down! Wagner gets the assist.
Q3 - 2:33,Achiuwa Traveling Turnover (P2.T14),Achiuwa is called for traveling and turns the ball over!
Q3 - 8:01,Nembhard Violation:Kicked Ball (J.Orr),Nembhard is called for a kicked ball violation.
Q4 - 4:39,Raptors Turnover: 8 Second Violation (T#15),The Raptors lose possession after an eight second violation!
Q4 - 1:30,Camara Violation:Kicked Ball (B.Taylor),Camara is called for a kicked ball violation.
Q4 - 5:28,MISS Trent Jr. 18' Pullup Jump Shot,Trent Jr. can't knock down the mid-range jumper.
Q4 - 1:15,Quickley Free Throw Technical (23 PTS),Quickley sinks the technical free throw.
Q1 - 7:03,Jackson Jr. 5' Driving Floating Jump Shot (2 PTS) (Morant 2 AST),Jackson Jr. scores a floater with an assist from Morant.
Q2 - 8:27,Lofton Jr. Traveling Turnover (P1.T8),Lofton Jr. travels and turns it over!
Q2 - 8:31,MISS Oubre Jr. 27' 3PT Pullup Jump Shot,Oubre Jr. misses from three.
Q3 - 10:26,MISS Oubre Jr. 24' 3PT Jump Shot,Oubre Jr. can’t knock down the three-pointer.
Q3 - 7:18,Smith sinks a 3-foot Running. Alley Oop Layup Shot (27 PTS) (Cooper 6 AST),Smith lays in the alley oop from Cooper!
Q2 - 4:47,Boston Jr. 23' Step Back Jump Shot (8 PTS),Boston Jr. drills a step back from just inside the arc!
Q1 - 10:03,Livingston Violation:Kicked Ball,Livingston is called for a kicked ball violation.
Q1 - 6:14,Thompson Traveling Turnover (P2.T4),Thompson travels and turns it over!
Q1 - 7:38,MISS Porter Jr. 17' Pullup Jump Shot,Porter Jr. can't connect on a mid-range jumper.
Q1 - 12:00,Jump Ball Ayton vs. Jackson Jr.: Tip to Grant,There's a jump ball between Ayton and Jackson Jr. and it's tipped to Grant.
Q1 - 2:54,Jokiƒá attempts a 28-foot 3PT but misses. Pullup Jump Shot,"Jokic pulls up for a deep-three pointer, but misses."
Q3 - 8:24,MISS Porter Jr. 2' Driving Reverse Layup,Porter Jr. can't get the reverse layup to fall!
Q3 - 6:57,Williams sinks a 1-foot Running. Alley Oop Dunk Shot (21 PTS) (Green 1 AST),Williams throws down the alley oop from Green!
Q3 - 2:35,"Lenard, Jr. S.FOUL (P2.PN)","Lenard Jr. commits the shooting foul, his second."
Q3 - 6:09,Miciƒá Free Throw 1 of 2 (8 PTS),Micic makes the first free throw.
Q4 - 6:53,Prince Violation:Kicked Ball (J.DeRosa),Prince gets called for a kicked ball violation.
Q2 - 8:30,Hield Backcourt Turnover (P1.T3),Hield is called for a backcourt violation and turns it over!
Q3 - 0:21,Wiseman Traveling Turnover (P2.T13),Wiseman travels and turns over possession!
Q2 - 7:24,SUB: Coulibaly FOR Valanƒçi≈´nas,Coulibaly checks in for Valanciunas.
Q2 - 4:53,Kuminga Traveling Turnover (P6.T9),Kuminga is called for traveling and turns it over!
Q1 - 8:05,"Murray, Jr. REBOUND (Off:0 Def:1)",Murray Jr. grabs the rebound.
Q4 - 5:13,CLIPPERS Turnover: Shot Clock (T#19),The Clippers turn the ball over with a shot clock violation!
Q2 - 0:24,MISS Lewis Jr. 4' Layup,Lewis Jr. can't finish the layup.
Q2 - 7:10,Boston Jr. 1' Driving Layup (2 PTS) (Zubac 1 AST),Boston Jr. drives to the hoop and scores with an assist from Zubac!
Q3 - 10:10,MISS Oubre Jr. 26' 3PT Pullup Jump Shot,Oubre Jr. misses from three-point range.
Q3 - 8:10,Washington Jr. 15' Pullup Jump Shot (12 PTS),Washington Jr. pulls up from mid-range and knocks it down.
Q1 - 12:00,Jump Ball Nzeakor vs. Johnson: Tip to Umude,There's a jump ball between Nzeakor and Johnson. The tip goes to Umude!
Q4 - 1:08,Harrison Traveling Turnover (P7.T19),Harrison gets called for traveling and turns it over!
Q1 - 2:02,Reed Violation:Kicked Ball (M.Davis),Reed is called for a kicked violation.
Q1 - 4:11,BLUE COATS Turnover: Shot Clock (T#3),The Blue Coats lose possession after a shot clock violation!
Q4 - 10:50,Jackson Jr. 13' Floating Jump Shot (7 PTS) (Payne 1 AST),Jackson Jr. knocks down the mid-range floater! Payne assists.
Q2 - 5:58,Bagley III Violation:Defensive Goaltending (Z.Zarba),Bagley III is called for defensive goaltending!
Q4 - 4:19,Coulibaly sinks a 1-foot Running. Alley Oop Dunk Shot (14 PTS) (Poole 4 AST),Coulibaly dunks the alley oop from Poole!
Q2 - 4:02,O'Neale grabs the rebound. (Off:0 Def:1),O'Neale gets the rebound.
Q4 - 2:37,Vuƒçeviƒá grabs the rebound. (Off:1 Def:9),Vucevic comes away with the rebound.
Q2 - 9:32,Towns Kicked Ball Violation Turnover (P4.T7),Towns is called for a kicked ball violation.
Q1 - 6:54,MISS Boston Jr. 2' Driving Layup,Boston Jr. drives to the basket but can't score the layup!
Q2 - 9:15,≈†ariƒá attempts a 25-foot 3PT but misses. Jump Shot,Saric misses a three-pointer.
Q4 - 4:17,Smith Jr. 29' 3PT Jump Shot (16 PTS) (Washington 1 AST),Smith Jr. knocks down a deep three-pointer! Washington on the assist.
Q2 - 1:40,Watson BLOCK (1 BLK)ƒêuri≈°iƒá attempts a 6-foot Running but misses. Layup,Watson blocks Djurisic's layup attempt!
Q3 - 9:24,Hustle Turnover: Shot Clock (T#7),The Hustle turn it over after a shot clock violation.
Q3 - 11:39,O'Connell grabs the rebound. (Off:2 Def:3),O'Connell gets the rebound.
Q3 - 6:34,Baugh sinks a 1-foot Running. Alley Oop Layup Shot (13 PTS) (Lewis 3 AST),Baugh finishes the alley oop from Lewis!
Q1 - 12:00,Jump Ball Jackson-Davis vs. Plumlee: Tip to Jones,"There's a jump ball between Jackson-Davis and Plumlee, and the tip goes to Jones!"
Q3 - 4:28,Scott Traveling Turnover (P2.T18),Scott travels and turns the ball over.
Q1 - 5:25,Miles Jr. 3' Driving Layup (2 PTS),Miles Jr. drives to the rim and scores the layup!
Q3 - 1:39,Miciƒá grabs the rebound. (Off:0 Def:1),Micic gets the rebound.
Q3 - 5:59,Jump Ball Claxton vs. Reed: Tip to Lowry,"There's a jump ball between Claxton and Reed, and it's tipped out to Lowry."